Id,median_house_value
0,237439.02
1,275532.01
2,75766.0
3,178333.0
4,52573.0
5,210610.0
6,102150.0
7,110327.0
8,136552.0
9,77507.0
10,248392.01
11,239829.0
12,241438.0
13,212491.0
14,273680.01
15,83217.0
16,95661.0
17,157764.0
18,262283.01
19,442409.39
20,284686.06
21,265255.01
22,50378.0
23,447460.39
24,192387.0
25,89164.0
26,276252.01
27,224758.03
28,74718.0
29,89832.0
30,61897.0
31,249471.0
32,215831.0
33,186053.0
34,107205.0
35,108544.0
36,81583.0
37,129154.0
38,396134.25
39,170237.0
40,205622.0
41,144388.0
42,249859.0
43,228740.0
44,206140.0
45,186340.01
46,287169.02
47,236498.0
48,90037.0
49,118778.0
50,249246.0
51,493360.92
52,211511.0
53,329218.01
54,93403.0
55,378837.05
56,267308.09
57,178243.0
58,401063.21
59,176126.0
60,192698.0
61,195339.0
62,341625.04
63,288364.0
64,176299.0
65,406760.16
66,174943.0
67,89827.0
68,88208.0
69,159509.0
70,99720.0
71,208998.01
72,92075.0
73,210646.0
74,126109.0
75,254191.06
76,129673.0
77,121437.0
78,192583.0
79,212617.0
80,88456.0
81,101418.0
82,212151.0
83,105990.0
84,262844.02
85,135419.0
86,138531.0
87,277498.01
88,148258.0
89,121212.01
90,137461.0
91,177957.0
92,237921.0
93,148510.0
94,311259.08
95,354686.01
96,263241.0
97,475404.66
98,177248.0
99,309500.02
100,274520.02
101,59938.0
102,272472.03
103,338617.04
104,101398.0
105,186079.0
106,175334.0
107,140984.02
108,261630.0
109,54691.0
110,168445.02
111,161997.0
112,160713.0
113,122392.0
114,64378.0
115,263037.03
116,233917.03
117,234573.0
118,123681.0
119,357483.08
120,314140.02
121,133726.0
122,267619.0
123,172344.0
124,148412.0
125,384206.16
126,78063.0
127,118848.0
128,73938.0
129,149282.0
130,119290.0
131,363623.08
132,205821.0
133,354628.09
134,183859.0
135,184245.0
136,66052.0
137,145719.0
138,155375.0
139,163459.02
140,318003.13
141,121915.0
142,261050.06
143,261269.0
144,180865.0
145,158961.01
146,174603.0
147,249293.03
148,296352.02
149,399351.18
150,252239.01
151,197668.0
152,151949.0
153,177056.0
154,216250.0
155,51597.0
156,184541.0
157,322169.08
158,54930.0
159,106277.0
160,119679.0
161,141934.01
162,265471.0
163,67575.0
164,223592.0
165,185685.0
166,380596.1
167,191345.0
168,110571.0
169,69688.0
170,304616.04
171,223123.01
172,348184.09
173,232870.02
174,178072.0
175,336072.05
176,98758.0
177,332726.03
178,170988.0
179,253186.01
180,265737.03
181,387240.08
182,79360.0
183,202021.0
184,180463.01
185,224483.02
186,229442.0
187,213529.0
188,290689.02
189,156371.0
190,114418.0
191,119271.0
192,288039.99
193,168791.01
194,152168.0
195,134917.0
196,164983.0
197,228627.01
198,300627.02
199,195169.0
200,150736.0
201,228129.02
202,259050.0
203,198809.0
204,434646.15
205,208674.0
206,340530.06
207,86280.0
208,126499.0
209,289218.0
210,330306.04
211,429010.35
212,104412.0
213,80915.0
214,174209.0
215,99308.0
216,323518.12
217,344130.21
218,221475.0
219,191476.0
220,248036.0
221,289667.0
222,185885.0
223,279217.03
224,333753.09
225,180120.0
226,171016.0
227,96637.0
228,266411.01
229,361310.01
230,263075.0
231,121065.0
232,494650.93
233,196287.0
234,122702.0
235,342032.12
236,248482.0
237,111746.0
238,201718.0
239,116932.0
240,228680.0
241,454676.55
242,444053.4
243,155479.01
244,107621.0
245,194208.0
246,270470.01
247,277419.04
248,82572.0
249,133847.0
250,156024.0
251,244336.0
252,84781.0
253,236670.0
254,396247.27
255,453368.49
256,230542.0
257,75378.0
258,142462.0
259,309552.02
260,124574.0
261,293485.02
262,134698.0
263,88018.0
264,404291.35
265,252511.0
266,174153.01
267,222943.07
268,132553.0
269,229607.0
270,212664.01
271,175260.0
272,65580.0
273,281240.03
274,104907.0
275,257250.0
276,150749.0
277,122205.0
278,143174.0
279,232741.02
280,410765.28
281,406103.19
282,188742.01
283,202656.04
284,401727.24
285,187512.0
286,250725.02
287,164418.0
288,150048.0
289,169832.0
290,206330.0
291,176581.0
292,192479.0
293,122221.0
294,100817.0
295,148773.0
296,85962.0
297,92195.0
298,98413.0
299,242021.0
300,108096.0
301,331810.24
302,267940.01
303,201141.01
304,194831.0
305,274094.1
306,363415.03
307,479283.69
308,496204.97
309,188651.0
310,252666.0
311,436141.42
312,415863.18
313,157615.0
314,179489.0
315,244356.0
316,258816.01
317,217865.0
318,317638.0
319,307774.2
320,203605.0
321,114767.0
322,263298.01
323,141971.0
324,195125.0
325,221886.01
326,221759.0
327,188777.0
328,271799.01
329,237482.06
330,140198.0
331,178463.01
332,88678.0
333,206610.01
334,236669.03
335,80288.0
336,219742.0
337,478458.58
338,181607.0
339,90400.0
340,246282.02
341,246940.0
342,142793.0
343,129958.0
344,237925.02
345,172261.0
346,291286.0
347,143500.0
348,56378.0
349,161853.0
350,241612.01
351,208718.0
352,361832.24
353,293077.01
354,130237.0
355,414038.1
356,357507.09
357,421917.17
358,140093.0
359,192357.0
360,91558.01
361,157118.0
362,92513.0
363,79037.0
364,110263.0
365,321961.0
366,261514.01
367,147849.0
368,205696.0
369,127907.0
370,244846.0
371,81370.0
372,219636.0
373,100390.0
374,283871.02
375,139109.0
376,194523.0
377,150863.99
378,88100.0
379,209710.0
380,416481.15
381,200137.0
382,185725.0
383,96204.0
384,109968.0
385,187235.0
386,111763.0
387,185315.04
388,245060.0
389,217899.0
390,173706.0
391,55004.0
392,288272.0
393,463405.58
394,100350.0
395,104342.0
396,173835.0
397,86571.0
398,135915.0
399,243252.0
400,416384.23
401,124532.0
402,282318.01
403,124146.0
404,205236.01
405,382828.08
406,201134.0
407,239529.0
408,318700.15
409,288526.04
410,118214.0
411,182181.04
412,85141.0
413,246565.01
414,86210.0
415,360344.03
416,411209.13
417,78699.0
418,334434.02
419,212723.01
420,249169.0
421,238866.0
422,168658.0
423,162575.0
424,382958.34
425,151624.0
426,240231.02
427,248803.0
428,248516.02
429,155355.0
430,135261.0
431,106369.0
432,196387.02
433,296227.01
434,170664.0
435,54386.0
436,107754.0
437,298300.0
438,254331.0
439,149581.0
440,271353.01
441,187362.0
442,179298.0
443,439458.45
444,298725.03
445,112203.0
446,155522.0
447,303140.06
448,113065.0
449,164288.0
450,166010.0
451,151633.0
452,72192.0
453,247467.02
454,223357.03
455,259698.0
456,255570.0
457,161312.0
458,323582.0
459,123976.0
460,178065.0
461,69708.0
462,120311.0
463,250665.0
464,436825.46
465,161457.0
466,112141.0
467,200324.0
468,446781.4
469,246577.01
470,159704.0
471,134868.0
472,270339.0
473,278682.04
474,246797.01
475,184324.0
476,116525.0
477,353679.14
478,398587.1
479,174774.0
480,100592.0
481,206615.01
482,290978.07
483,192688.0
484,205092.02
485,303630.01
486,241924.04
487,235732.0
488,455768.61
489,119912.0
490,142794.0
491,226623.0
492,146339.0
493,153949.02
494,85573.0
495,188211.0
496,115061.0
497,112372.0
498,372893.18
499,296845.02
500,83565.0
501,372298.09
502,128523.0
503,291602.03
504,314578.0
505,84865.0
506,185481.0
507,176626.0
508,270240.03
509,467939.32
510,236766.05
511,136601.0
512,378084.02
513,108496.0
514,179018.0
515,174775.0
516,108178.0
517,387142.04
518,374524.08
519,158872.0
520,195911.04
521,101579.07
522,250911.0
523,203348.0
524,337671.2
525,197124.0
526,163134.01
527,356278.24
528,127375.0
529,175858.0
530,226069.0
531,237528.0
532,111856.01
533,123770.0
534,173414.0
535,159132.0
536,101609.0
537,413681.25
538,194016.0
539,148063.0
540,117334.0
541,359094.01
542,83347.0
543,255019.02
544,286681.01
545,184860.11
546,132888.01
547,142743.0
548,103411.0
549,187411.0
550,172071.01
551,117795.0
552,211896.0
553,201133.0
554,92612.0
555,229983.0
556,107192.0
557,305293.0
558,151048.0
559,143465.0
560,149206.0
561,201306.0
562,272822.04
563,226887.0
564,268874.05
565,294532.0
566,141706.05
567,232538.0
568,255036.02
569,172357.0
570,124281.0
571,133939.0
572,351734.05
573,111669.0
574,337408.02
575,202477.0
576,129285.0
577,269475.04
578,163614.0
579,110241.0
580,496345.96
581,209594.0
582,162507.0
583,128709.0
584,147627.0
585,240283.0
586,149838.0
587,301774.08
588,97410.02
589,330206.02
590,149597.0
591,196014.0
592,125465.0
593,176290.0
594,97727.0
595,74600.0
596,167625.0
597,320785.02
598,307107.0
599,167563.0
600,80515.0
601,192590.0
602,58203.0
603,194705.01
604,150480.0
605,73850.0
606,499614.99
607,98590.0
608,359656.21
609,158260.0
610,335361.0
611,141886.0
612,154241.0
613,274727.02
614,275319.04
615,387126.32
616,153890.0
617,409558.2
618,212733.01
619,205849.0
620,233816.01
621,126337.0
622,137036.0
623,440346.37
624,188205.0
625,137073.0
626,168637.01
627,135676.0
628,65446.0
629,168014.01
630,229853.03
631,76814.0
632,190952.0
633,169546.0
634,178294.0
635,218598.02
636,92567.0
637,300308.03
638,498462.98
639,113902.0
640,253382.0
641,261407.02
642,162708.0
643,170513.0
644,160894.03
645,170885.0
646,116084.0
647,126192.0
648,263814.01
649,220543.02
650,197092.0
651,166967.0
652,166509.0
653,225471.01
654,155210.0
655,126636.0
656,230061.0
657,157824.0
658,206301.0
659,201271.0
660,196461.0
661,139155.1
662,151894.0
663,186728.0
664,233314.0
665,115575.0
666,206464.0
667,180404.0
668,72990.0
669,247738.01
670,250563.0
671,272051.01
672,130105.0
673,55801.0
674,154980.01
675,142070.0
676,173399.0
677,294715.22
678,74276.0
679,189975.0
680,103499.0
681,263295.0
682,92346.94
683,98603.0
684,366629.34
685,207228.0
686,211575.0
687,245976.02
688,190217.0
689,157434.0
690,204975.0
691,87184.0
692,443343.51
693,355352.02
694,107542.0
695,70372.0
696,190330.0
697,146015.0
698,254696.0
699,187707.0
700,70485.0
701,345721.05
702,125752.0
703,153165.0
704,235071.0
705,301320.05
706,165334.0
707,293229.02
708,211165.0
709,470145.68
710,178503.0
711,360016.0
712,322025.02
713,262252.01
714,249587.03
715,272717.04
716,330308.04
717,191187.01
718,352125.02
719,265301.02
720,298454.04
721,89474.0
722,225510.01
723,195817.0
724,342892.03
725,188558.0
726,186978.0
727,152681.0
728,108506.0
729,286821.01
730,406513.29
731,301060.01
732,184811.0
733,114954.0
734,172521.0
735,181354.0
736,275378.01
737,206853.01
738,135477.0
739,242811.0
740,144819.0
741,343148.03
742,184812.0
743,232599.0
744,161946.0
745,337731.04
746,67302.0
747,89808.0
748,253176.0
749,324098.09
750,129373.0
751,304338.02
752,123559.0
753,92876.0
754,262093.0
755,133028.0
756,468934.53
757,100466.0
758,288510.01
759,282552.02
760,361491.12
761,369002.12
762,72705.0
763,171485.0
764,209319.0
765,80431.01
766,160392.0
767,154813.0
768,232885.02
769,470894.54
770,53270.0
771,166091.0
772,207077.0
773,49509.0
774,379716.12
775,208241.0
776,245377.0
777,173612.0
778,100180.0
779,197681.0
780,286099.0
781,246119.06
782,218005.01
783,201896.0
784,117931.0
785,362747.07
786,495173.93
787,157905.0
788,99200.0
789,288310.0
790,127088.0
791,276441.0
792,176188.0
793,272683.01
794,229931.0
795,126066.0
796,239378.0
797,111511.0
798,247955.01
799,172424.0
800,497196.96
801,264503.02
802,145355.0
803,135615.0
804,109055.0
805,71720.0
806,291378.07
807,295558.01
808,167228.0
809,169942.0
810,447599.38
811,287330.01
812,118582.0
813,226639.0
814,70875.0
815,55595.0
816,107751.0
817,91740.0
818,394389.08
819,104917.0
820,149873.03
821,126820.0
822,213695.0
823,332104.11
824,190327.0
825,239224.0
826,371129.18
827,130839.0
828,113199.0
829,195080.0
830,375012.28
831,225140.02
832,413080.27
833,242649.0
834,83577.0
835,158872.0
836,96963.0
837,144424.01
838,305065.0
839,256115.0
840,199661.0
841,199233.0
842,266188.0
843,184278.0
844,102759.0
845,180451.0
846,54704.0
847,173995.0
848,172095.0
849,107681.0
850,62504.0
851,133295.0
852,167076.0
853,250882.02
854,206920.0
855,271069.03
856,167292.0
857,233235.01
858,144481.0
859,293863.01
860,138777.0
861,194909.0
862,62387.0
863,235655.01
864,166042.0
865,180487.0
866,158074.0
867,138579.0
868,188826.0
869,185793.01
870,244186.01
871,121874.0
872,303299.1
873,60948.0
874,136054.0
875,194887.0
876,185158.0
877,109287.0
878,176265.0
879,406649.1
880,289965.0
881,150988.0
882,228038.0
883,190644.0
884,145111.0
885,76285.0
886,343630.1
887,211622.0
888,232426.0
889,99806.99
890,85783.0
891,160143.0
892,322813.08
893,295614.0
894,185487.0
895,153193.0
896,148777.0
897,114066.0
898,83313.0
899,409088.13
900,223660.01
901,338184.04
902,84706.0
903,240429.0
904,99563.0
905,173364.0
906,65353.0
907,142732.0
908,143943.0
909,211786.0
910,236885.0
911,202241.01
912,237508.0
913,214853.0
914,141600.0
915,223534.01
916,178124.0
917,248082.02
918,260714.0
919,161174.01
920,158949.0
921,97221.0
922,485046.82
923,226092.0
924,144482.0
925,172769.0
926,222512.0
927,106276.0
928,78028.0
929,69814.0
930,198999.0
931,390763.07
932,175884.0
933,408394.03
934,423068.34
935,163110.0
936,165399.0
937,79164.0
938,268137.03
939,288247.0
940,399921.25
941,71500.0
942,427182.2
943,187141.0
944,89633.0
945,500001.0
946,187671.0
947,122487.0
948,320924.03
949,204995.0
950,90633.0
951,123320.0
952,144477.0
953,79687.0
954,107179.0
955,292412.03
956,282592.01
957,207008.0
958,182513.0
959,85280.0
960,98651.0
961,187606.0
962,373409.05
963,72601.0
964,107402.0
965,212459.01
966,82638.0
967,345727.03
968,260530.0
969,236810.0
970,210483.0
971,294034.04
972,147434.03
973,189979.0
974,261354.01
975,368561.06
976,235289.0
977,250109.01
978,335144.02
979,148607.0
980,188609.0
981,285948.01
982,213343.0
983,326280.04
984,118930.0
985,141336.0
986,199483.0
987,153906.0
988,279169.02
989,110793.0
990,199816.0
991,146059.01
992,146998.0
993,152210.0
994,190842.0
995,92464.0
996,234414.0
997,152657.0
998,345089.03
999,113150.0
1000,173867.0
1001,141144.0
1002,109149.0
1003,259311.0
1004,166408.0
1005,314057.01
1006,141966.0
1007,156679.02
1008,204699.0
1009,269880.08
1010,189706.0
1011,412784.39
1012,128164.0
1013,358629.14
1014,139032.0
1015,106648.0
1016,327984.05
1017,120360.0
1018,203951.0
1019,251892.0
1020,152593.02
1021,496080.95
1022,493521.86
1023,276544.0
1024,181457.0
1025,144478.0
1026,159749.0
1027,191949.0
1028,168334.0
1029,61943.0
1030,189067.0
1031,363464.08
1032,101546.0
1033,73033.0
1034,282693.02
1035,53833.0
1036,213564.0
1037,247160.02
1038,417428.26
1039,316542.01
1040,145427.0
1041,179870.0
1042,114113.0
1043,265535.02
1044,135503.0
1045,255676.03
1046,138611.0
1047,110980.0
1048,160504.0
1049,164189.0
1050,141727.0
1051,473674.81
1052,311347.04
1053,224028.01
1054,123404.0
1055,147842.0
1056,315611.08
1057,121085.0
1058,200148.0
1059,109849.0
1060,94020.0
1061,257317.0
1062,110515.0
1063,313416.04
1064,237680.02
1065,73691.0
1066,199858.0
1067,288418.01
1068,83029.0
1069,182077.0
1070,182939.0
1071,119249.0
1072,248557.02
1073,94539.0
1074,235855.0
1075,154521.0
1076,131660.0
1077,156302.0
1078,131119.0
1079,134019.0
1080,413991.23
1081,147883.0
1082,100318.0
1083,309253.05
1084,149420.0
1085,167931.0
1086,198882.0
1087,345849.09
1088,368938.05
1089,361313.01
1090,148817.0
1091,137633.0
1092,210493.0
1093,488304.87
1094,231557.0
1095,304161.01
1096,88079.0
1097,254430.02
1098,335180.05
1099,212134.01
1100,77652.0
1101,229742.0
1102,265372.01
1103,308039.0
1104,224271.0
1105,192946.0
1106,150184.0
1107,314775.06
1108,305951.05
1109,91755.0
1110,205417.01
1111,199831.0
1112,226408.0
1113,201662.0
1114,217952.01
1115,128690.0
1116,119350.0
1117,202355.0
1118,158776.0
1119,236765.02
1120,207275.0
1121,278978.02
1122,138324.0
1123,95857.0
1124,367845.09
1125,95043.0
1126,185184.0
1127,293259.0
1128,266283.0
1129,79238.0
1130,129267.0
1131,389136.11
1132,71746.0
1133,175651.0
1134,358029.07
1135,317922.01
1136,139312.0
1137,232922.0
1138,496370.93
1139,141735.04
1140,182253.0
1141,254058.01
1142,224337.0
1143,147649.0
1144,186074.0
1145,78459.0
1146,228813.0
1147,215091.01
1148,56639.0
1149,81895.0
1150,172387.0
1151,143308.0
1152,103146.0
1153,226940.0
1154,152199.01
1155,486683.83
1156,54053.0
1157,128808.0
1158,273012.03
1159,207857.0
1160,63177.0
1161,112815.0
1162,231374.0
1163,75299.0
1164,254660.0
1165,202672.0
1166,201974.0
1167,190042.0
1168,155659.0
1169,205408.0
1170,207905.01
1171,56455.0
1172,166525.01
1173,259645.0
1174,254653.0
1175,424912.24
1176,92704.0
1177,203717.01
1178,128680.0
1179,280099.02
1180,368230.06
1181,243286.03
1182,114430.0
1183,182908.0
1184,169802.0
1185,231112.01
1186,211883.0
1187,333702.01
1188,96176.0
1189,222214.0
1190,325090.08
1191,212464.0
1192,198582.0
1193,165304.0
1194,62079.0
1195,76585.0
1196,229177.0
1197,169034.0
1198,186516.0
1199,249088.02
1200,129192.0
1201,226527.0
1202,232710.0
1203,204473.01
1204,129664.0
1205,211686.0
1206,266635.09
1207,79517.0
1208,95881.0
1209,94494.0
1210,176603.0
1211,120940.0
1212,481332.79
1213,141797.0
1214,141264.0
1215,398939.17
1216,302142.08
1217,194825.0
1218,207771.0
1219,240339.1
1220,90537.0
1221,350260.07
1222,218178.0
1223,256506.02
1224,174135.0
1225,199536.0
1226,149913.0
1227,115098.0
1228,479707.69
1229,252797.0
1230,154351.0
1231,121805.0
1232,360904.12
1233,198846.0
1234,363539.05
1235,72239.0
1236,123431.01
1237,193890.0
1238,110771.0
1239,314011.03
1240,348306.07
1241,134539.0
1242,207449.01
1243,208056.0
1244,177862.01
1245,85742.0
1246,234490.0
1247,327913.01
1248,183607.0
1249,279172.03
1250,128154.0
1251,384916.21
1252,241817.0
1253,154146.0
1254,113777.99
1255,401274.21
1256,108706.0
1257,116692.0
1258,190119.0
1259,401535.14
1260,163051.0
1261,91547.0
1262,314260.02
1263,227518.0
1264,117476.0
1265,208266.0
1266,273006.01
1267,180719.0
1268,321726.01
1269,237173.05
1270,162693.0
1271,204045.0
1272,107517.0
1273,368116.14
1274,350235.02
1275,368326.24
1276,352975.15
1277,121900.0
1278,309778.0
1279,199974.0
1280,112584.0
1281,86515.0
1282,114115.0
1283,107008.0
1284,96844.0
1285,288535.04
1286,181843.01
1287,150037.0
1288,62310.0
1289,236063.01
1290,100631.0
1291,122854.0
1292,235677.0
1293,161500.0
1294,214223.0
1295,78596.0
1296,187830.03
1297,126647.0
1298,373880.13
1299,121535.0
1300,292164.03
1301,139419.0
1302,192662.0
1303,239907.0
1304,201128.0
1305,481082.75
1306,91336.0
1307,95942.0
1308,195246.0
1309,115323.0
1310,162299.99
1311,416456.29
1312,158673.97
1313,101719.0
1314,220002.0
1315,259062.0
1316,384295.11
1317,157983.0
1318,131372.0
1319,263808.15
1320,496929.97
1321,496847.89
1322,127087.0
1323,175189.0
1324,57504.0
1325,339655.01
1326,166269.01
1327,166222.0
1328,171619.0
1329,66279.0
1330,223480.0
1331,355080.07
1332,308734.03
1333,136160.0
1334,241541.0
1335,52246.0
1336,226029.0
1337,180925.01
1338,114221.0
1339,191629.0
1340,264848.01
1341,131860.0
1342,137586.0
1343,226419.08
1344,100677.0
1345,101116.0
1346,372626.03
1347,311484.0
1348,250737.01
1349,219014.0
1350,414091.24
1351,262723.04
1352,288714.08
1353,143568.0
1354,291895.03
1355,163804.0
1356,136662.0
1357,105178.0
1358,73109.0
1359,235334.02
1360,185662.0
1361,69794.0
1362,95274.0
1363,80222.0
1364,365943.13
1365,123850.0
1366,104121.0
1367,272684.03
1368,213223.0
1369,63926.0
1370,104353.0
1371,54071.0
1372,171420.0
1373,379407.02
1374,300061.01
1375,141183.0
1376,261138.01
1377,184960.0
1378,224788.0
1379,278005.02
1380,449114.35
1381,269154.0
1382,118073.0
1383,246248.02
1384,150566.0
1385,406403.19
1386,110696.0
1387,160032.0
1388,333039.07
1389,174282.0
1390,370392.1
1391,97323.0
1392,141798.0
1393,168012.0
1394,76651.0
1395,163202.0
1396,132517.0
1397,294681.08
1398,284853.02
1399,64007.0
1400,141000.0
1401,359849.1
1402,360888.19
1403,222546.0
1404,74079.0
1405,155026.02
1406,140894.0
1407,87530.0
1408,115780.0
1409,159086.0
1410,317295.06
1411,171843.0
1412,97012.0
1413,269268.01
1414,100587.0
1415,61460.0
1416,99509.0
1417,245697.0
1418,119864.0
1419,116667.0
1420,153893.0
1421,221440.05
1422,166038.0
1423,391359.12
1424,385490.03
1425,151417.0
1426,219952.0
1427,367646.04
1428,187505.0
1429,259796.04
1430,179030.0
1431,120300.0
1432,251012.01
1433,75803.0
1434,327515.02
1435,116016.0
1436,60179.0
1437,440794.39
1438,189694.0
1439,143136.0
1440,102992.0
1441,321349.14
1442,112615.99
1443,160210.0
1444,237348.0
1445,260217.0
1446,184761.0
1447,330129.06
1448,92910.0
1449,153794.0
1450,110695.0
1451,498970.98
1452,375000.07
1453,117377.0
1454,237490.12
1455,231544.0
1456,274938.01
1457,106266.0
1458,176237.0
1459,181556.0
1460,154827.0
1461,286412.01
1462,169720.0
1463,223367.0
1464,159494.0
1465,193019.0
1466,216898.01
1467,134402.0
1468,414696.25
1469,139405.05
1470,210225.02
1471,225096.0
1472,131419.0
1473,154112.0
1474,204504.01
1475,286078.01
1476,176889.0
1477,166878.0
1478,114620.0
1479,118671.0
1480,469226.58
1481,308650.01
1482,224417.0
1483,184963.0
1484,210912.0
1485,351453.09
1486,117686.0
1487,481923.77
1488,293582.03
1489,245746.04
1490,168262.0
1491,154810.0
1492,68937.0
1493,229464.02
1494,114182.0
1495,404599.23
1496,168994.0
1497,394112.06
1498,198437.0
1499,316928.09
1500,134239.0
1501,58597.0
1502,216149.0
1503,257876.0
1504,192760.0
1505,132577.0
1506,91417.0
1507,348591.04
1508,266305.05
1509,134040.0
1510,248515.05
1511,201216.0
1512,136331.0
1513,52605.0
1514,388666.09
1515,144257.0
1516,150122.0
1517,117235.0
1518,58306.0
1519,119273.0
1520,266087.03
1521,302703.0
1522,314970.0
1523,67920.92
1524,138356.0
1525,160183.01
1526,100751.0
1527,398176.17
1528,80771.0
1529,210342.0
1530,54687.0
1531,133557.0
1532,312565.02
1533,296822.13
1534,117427.0
1535,365431.04
1536,79446.0
1537,194061.0
1538,407706.44
1539,218889.0
1540,276626.06
1541,93653.0
1542,90427.0
1543,207506.99
1544,345621.05
1545,81497.0
1546,219121.0
1547,144040.0
1548,189355.0
1549,71417.0
1550,211766.0
1551,499735.99
1552,124127.0
1553,318660.03
1554,93597.0
1555,336086.04
1556,307074.07
1557,278780.03
1558,177673.0
1559,85723.0
1560,85859.98
1561,217644.0
1562,327709.03
1563,212347.0
1564,174190.0
1565,104942.0
1566,265125.0
1567,259696.0
1568,388463.21
1569,273102.1
1570,191199.0
1571,265479.1
1572,185301.01
1573,303924.0
1574,210735.0
1575,101524.0
1576,124990.0
1577,100249.0
1578,100791.0
1579,227362.04
1580,246962.0
1581,185863.0
1582,130566.0
1583,288413.04
1584,184519.01
1585,104090.0
1586,181507.0
1587,273873.0
1588,162367.0
1589,493201.92
1590,290778.02
1591,251414.01
1592,204613.0
1593,125102.0
1594,244512.01
1595,387222.1
1596,258880.03
1597,140057.0
1598,138789.0
1599,141002.0
1600,152068.0
1601,222205.0
1602,90363.0
1603,150851.0
1604,122013.0
1605,240943.0
1606,60829.0
1607,91956.0
1608,77820.0
1609,101177.0
1610,229493.03
1611,255498.0
1612,269423.0
1613,119517.0
1614,335241.1
1615,172418.0
1616,312104.01
1617,75400.0
1618,245041.0
1619,174880.0
1620,231242.0
1621,283074.0
1622,431699.21
1623,95887.0
1624,84355.0
1625,111727.0
1626,465859.65
1627,474385.54
1628,214950.01
1629,72714.0
1630,481348.78
1631,107428.0
1632,298363.0
1633,85480.0
1634,52977.98
1635,244134.0
1636,226717.0
1637,124924.0
1638,97295.0
1639,392565.04
1640,122439.0
1641,69566.0
1642,54525.99
1643,446541.45
1644,218081.0
1645,299884.0
1646,288149.06
1647,435871.26
1648,86654.0
1649,98990.0
1650,335945.03
1651,358697.1
1652,148772.0
1653,237252.0
1654,168159.0
1655,284114.01
1656,169007.0
1657,176996.0
1658,55439.0
1659,150053.0
1660,194195.0
1661,143350.0
1662,226746.0
1663,315452.03
1664,251366.0
1665,193915.0
1666,211924.01
1667,379854.08
1668,88251.0
1669,131999.0
1670,288712.02
1671,72341.0
1672,257996.0
1673,177864.0
1674,124096.0
1675,77254.0
1676,175084.0
1677,222793.0
1678,329054.05
1679,283889.0
1680,105323.0
1681,149831.0
1682,168408.0
1683,314933.16
1684,228130.0
1685,274256.0
1686,90093.0
1687,311669.02
1688,344450.13
1689,237772.04
1690,98820.0
1691,114089.0
1692,243161.01
1693,238001.0
1694,169937.0
1695,239222.02
1696,214671.0
1697,140268.0
1698,92746.0
1699,96932.0
1700,146476.0
1701,112545.0
1702,190580.0
1703,265322.01
1704,129960.0
1705,175977.0
1706,222052.0
1707,157727.01
1708,109471.0
1709,352691.2
1710,156819.0
1711,163803.0
1712,107466.0
1713,160021.0
1714,379649.26
1715,262322.05
1716,176338.0
1717,162653.0
1718,70603.0
1719,262522.0
1720,222528.0
1721,124336.0
1722,340366.01
1723,116069.0
1724,353505.08
1725,256377.0
1726,87178.0
1727,101575.0
1728,97540.0
1729,204091.01
1730,187821.01
1731,182207.0
1732,269340.0
1733,376464.1
1734,193159.01
1735,163427.0
1736,67408.0
1737,146896.0
1738,124094.0
1739,216441.0
1740,238434.0
1741,180739.0
1742,156725.0
1743,257105.0
1744,202951.0
1745,203300.0
1746,138037.0
1747,139596.0
1748,344714.03
1749,283470.03
1750,156288.0
1751,77046.0
1752,406286.24
1753,98201.0
1754,152542.0
1755,199940.02
1756,108523.0
1757,181624.0
1758,176481.0
1759,331586.13
1760,212071.0
1761,200913.02
1762,211381.01
1763,299438.0
1764,258860.0
1765,83884.0
1766,188870.0
1767,79046.0
1768,343464.15
1769,337586.08
1770,124074.0
1771,398113.07
1772,59328.0
1773,248456.0
1774,254101.0
1775,199018.0
1776,151600.0
1777,173322.0
1778,282310.0
1779,242779.0
1780,98349.0
1781,275986.0
1782,183976.0
1783,198413.0
1784,358286.08
1785,77564.0
1786,207926.0
1787,117547.0
1788,129697.0
1789,257422.02
1790,170177.0
1791,117158.0
1792,150875.0
1793,245536.0
1794,85099.01
1795,321121.04
1796,150455.0
1797,237746.04
1798,166954.0
1799,353425.16
1800,436747.39
1801,245736.01
1802,360313.0
1803,361513.06
1804,147417.01
1805,87297.0
1806,207005.0
1807,98856.0
1808,215157.0
1809,144912.0
1810,197741.01
1811,166085.0
1812,142526.0
1813,206107.0
1814,263380.01
1815,120316.0
1816,245252.0
1817,244070.0
1818,116661.0
1819,159518.0
1820,185569.0
1821,247423.04
1822,266094.0
1823,207205.0
1824,165917.0
1825,120209.0
1826,78920.0
1827,162455.0
1828,164199.0
1829,228516.04
1830,121165.0
1831,152652.0
1832,209691.0
1833,138061.0
1834,379388.17
1835,92045.0
1836,179394.0
1837,115855.0
1838,60696.0
1839,95057.0
1840,132670.03
1841,166126.0
1842,218193.0
1843,79492.0
1844,71156.0
1845,166167.0
1846,123703.0
1847,102129.0
1848,70612.0
1849,67697.0
1850,339329.04
1851,189699.0
1852,172313.02
1853,187559.0
1854,257369.0
1855,169396.0
1856,200789.0
1857,82570.0
1858,180826.0
1859,401705.1
1860,189961.0
1861,240607.01
1862,376227.05
1863,276740.02
1864,73346.0
1865,208946.0
1866,123156.0
1867,106472.0
1868,244540.04
1869,360054.03
1870,365644.02
1871,167254.0
1872,78465.0
1873,242342.01
1874,205198.0
1875,117249.0
1876,112114.0
1877,63420.0
1878,131934.0
1879,365637.15
1880,69573.0
1881,49021.0
1882,198312.07
1883,332095.02
1884,84731.0
1885,81975.0
1886,284315.08
1887,124226.02
1888,340224.04
1889,168505.0
1890,282505.05
1891,104594.0
1892,183958.0
1893,349599.18
1894,204170.0
1895,59565.0
1896,215917.04
1897,378728.12
1898,139500.0
1899,169300.0
1900,59113.0
1901,211945.0
1902,291784.01
1903,300533.19
1904,407066.29
1905,80772.0
1906,122040.0
1907,286565.01
1908,92606.0
1909,122471.0
1910,355958.09
1911,250170.01
1912,404091.24
1913,333230.07
1914,365953.09
1915,296775.02
1916,251360.02
1917,289190.01
1918,229419.01
1919,273906.0
1920,372656.1
1921,190777.01
1922,221056.02
1923,490437.87
1924,210541.1
1925,306147.01
1926,253464.0
1927,274477.0
1928,179407.03
1929,164204.0
1930,183773.0
1931,143130.0
1932,198926.0
1933,399992.38
1934,192157.0
1935,338932.05
1936,282876.03
1937,379554.13
1938,110295.0
1939,220620.0
1940,116484.0
1941,54583.0
1942,134763.0
1943,64939.0
1944,110729.0
1945,266051.0
1946,281796.02
1947,372999.11
1948,150953.0
1949,158523.0
1950,326137.01
1951,143192.0
1952,172081.01
1953,352493.1
1954,134273.0
1955,191224.0
1956,103515.0
1957,84608.0
1958,135894.0
1959,264429.0
1960,329119.11
1961,185774.0
1962,144932.0
1963,436112.55
1964,483206.82
1965,204865.0
1966,401042.18
1967,163879.0
1968,190880.0
1969,113695.0
1970,192075.0
1971,279104.0
1972,162507.0
1973,73505.0
1974,142520.0
1975,111419.0
1976,171262.0
1977,342267.1
1978,244912.01
1979,117582.0
1980,110525.0
1981,412610.12
1982,74261.0
1983,221464.02
1984,308225.0
1985,244940.0
1986,98540.0
1987,329642.04
1988,498964.98
1989,261677.0
1990,280642.01
1991,326469.02
1992,118131.0
1993,147113.01
1994,104173.0
1995,269382.06
1996,268574.0
1997,85591.0
1998,280721.0
1999,191856.0
2000,117558.0
2001,248368.01
2002,211970.0
2003,306296.01
2004,272793.0
2005,147600.0
2006,127070.0
2007,193113.01
2008,191341.0
2009,63699.0
2010,86101.0
2011,260482.01
2012,180807.01
2013,223439.0
2014,118149.0
2015,204642.0
2016,491709.85
2017,71365.0
2018,233134.01
2019,333802.0
2020,128203.0
2021,323547.03
2022,315135.0
2023,185548.0
2024,243838.0
2025,252132.0
2026,181837.0
2027,398121.08
2028,198540.01
2029,185028.0
2030,234887.0
2031,97546.0
2032,113789.0
2033,175029.0
2034,207235.0
2035,208309.0
2036,162482.0
2037,488312.78
2038,193318.01
2039,483724.69
2040,500001.0
2041,116728.0
2042,178659.03
2043,90483.0
2044,126171.0
2045,96383.0
2046,182025.0
2047,132133.0
2048,209287.0
2049,180687.0
2050,275118.03
2051,343317.01
2052,318567.15
2053,447581.27
2054,164577.0
2055,129600.01
2056,78153.0
2057,162497.0
2058,58073.91
2059,101193.0
2060,169035.0
2061,107803.0
2062,155981.0
2063,320484.01
2064,224721.0
2065,73468.0
2066,140885.0
2067,226695.0
2068,255056.01
2069,103640.0
2070,277821.01
2071,113634.0
2072,102696.0
2073,238355.0
2074,168898.0
2075,367977.23
2076,344137.1
2077,150892.0
2078,310221.05
2079,261764.03
2080,390530.03
2081,186095.0
2082,201735.0
2083,181765.0
2084,443346.34
2085,180591.0
2086,187173.0
2087,199729.01
2088,164026.0
2089,157923.0
2090,162637.0
2091,117412.0
2092,247411.0
2093,254800.01
2094,160739.0
2095,291956.01
2096,378638.14
2097,75674.0
2098,167211.0
2099,186200.0
2100,445922.45
2101,245086.0
2102,358455.28
2103,165235.0
2104,117787.0
2105,192445.0
2106,150370.0
2107,93174.0
2108,157590.0
2109,102829.0
2110,155911.0
2111,125267.0
2112,154892.0
2113,63335.0
2114,449123.12
2115,118674.0
2116,90816.0
2117,114003.0
2118,100857.0
2119,183819.01
2120,129449.0
2121,363462.07
2122,88015.0
2123,318997.0
2124,68838.0
2125,265646.0
2126,187325.0
2127,185101.0
2128,206315.0
2129,110216.0
2130,171833.0
2131,195900.0
2132,332866.04
2133,289864.0
2134,103576.0
2135,106020.0
2136,212151.0
2137,245817.22
2138,308732.02
2139,313277.0
2140,140834.0
2141,71752.0
2142,316170.08
2143,348897.03
2144,119124.0
2145,136009.0
2146,185322.01
2147,308670.08
2148,129524.0
2149,129817.0
2150,349630.1
2151,251999.02
2152,498430.97
2153,197155.0
2154,183551.0
2155,155047.0
2156,97717.0
2157,317016.08
2158,172538.0
2159,97350.03
2160,61240.0
2161,209656.0
2162,160176.0
2163,211595.0
2164,374012.03
2165,108800.0
2166,119242.0
2167,156742.0
2168,224711.0
2169,66471.0
2170,332305.0
2171,113291.0
2172,160328.0
2173,153688.0
2174,209231.0
2175,224673.0
2176,86095.0
2177,404432.1
2178,169383.0
2179,217650.0
2180,94376.0
2181,100076.0
2182,379481.16
2183,201395.0
2184,330286.05
2185,338496.23
2186,258437.0
2187,94051.0
2188,220692.0
2189,220554.0
2190,142916.0
2191,115693.0
2192,208437.01
2193,244971.01
2194,185863.0
2195,204126.0
2196,202036.0
2197,222593.03
2198,203668.0
2199,279680.03
2200,109272.0
2201,129466.04
2202,274853.02
2203,160393.0
2204,189478.0
2205,206054.0
2206,316400.07
2207,169154.0
2208,256248.02
2209,498494.98
2210,270022.0
2211,292744.1
2212,433311.35
2213,111371.0
2214,157332.0
2215,92771.0
2216,158366.0
2217,453335.55
2218,174973.0
2219,483774.77
2220,136593.0
2221,468926.67
2222,136592.0
2223,233553.01
2224,239151.01
2225,147917.0
2226,205772.0
2227,161211.0
2228,129685.0
2229,204249.0
2230,168120.0
2231,103311.0
2232,63198.0
2233,336024.11
2234,150983.0
2235,352817.16
2236,100500.0
2237,102150.0
2238,212175.0
2239,220889.0
2240,98865.0
2241,323705.09
2242,103752.0
2243,192600.0
2244,151892.0
2245,190943.0
2246,412676.26
2247,290528.06
2248,162529.0
2249,212630.0
2250,231768.01
2251,173497.01
2252,298694.0
2253,187092.0
2254,221454.05
2255,362864.1
2256,260623.0
2257,168442.0
2258,170465.0
2259,419572.27
2260,153301.0
2261,172084.0
2262,437118.27
2263,104831.0
2264,109218.0
2265,96154.0
2266,464331.62
2267,137752.0
2268,71766.0
2269,159644.0
2270,129659.0
2271,179547.0
2272,133742.0
2273,184855.03
2274,128690.0
2275,124681.0
2276,442496.49
2277,132195.0
2278,158750.0
2279,245169.0
2280,132265.0
2281,115198.0
2282,170212.0
2283,229193.01
2284,131378.0
2285,222451.01
2286,233316.0
2287,117796.0
2288,116607.0
2289,191399.0
2290,295163.03
2291,246431.0
2292,80801.0
2293,150963.0
2294,348671.05
2295,251414.0
2296,77830.01
2297,326972.19
2298,306843.02
2299,297923.01
2300,129248.0
2301,145191.0
2302,273046.0
2303,127412.0
2304,168049.0
2305,202128.0
2306,228460.0
2307,153467.0
2308,257440.02
2309,282195.01
2310,229975.02
2311,177495.0
2312,294460.0
2313,200961.0
2314,279819.0
2315,152651.0
2316,285927.03
2317,161035.0
2318,54387.0
2319,138799.01
2320,134475.0
2321,191452.0
2322,456130.46
2323,110306.0
2324,148712.0
2325,348205.06
2326,212121.0
2327,59804.0
2328,305994.02
2329,82601.0
2330,140074.0
2331,352342.16
2332,59020.0
2333,188931.0
2334,156740.02
2335,140292.0
2336,414059.36
2337,215313.0
2338,65175.0
2339,69620.0
2340,265250.02
2341,207688.0
2342,276285.0
2343,301545.16
2344,128589.0
2345,112184.0
2346,383549.08
2347,208095.0
2348,159997.0
2349,198742.24
2350,85794.0
2351,121910.0
2352,125495.0
2353,340163.04
2354,144947.0
2355,207984.01
2356,153399.0
2357,71477.0
2358,190626.0
2359,457321.54
2360,112671.0
2361,99430.0
2362,273109.0
2363,61111.0
2364,173232.0
2365,175990.0
2366,288418.04
2367,469949.33
2368,193015.0
2369,142143.0
2370,285874.02
2371,250614.0
2372,161524.01
2373,156662.0
2374,195306.0
2375,73289.0
2376,250217.0
2377,194370.0
2378,82761.0
2379,499391.99
2380,251927.02
2381,102904.0
2382,114672.0
2383,91611.0
2384,89525.0
2385,121230.0
2386,270395.01
2387,235629.02
2388,150879.0
2389,359736.17
2390,103470.0
2391,98562.0
2392,117811.0
2393,418136.23
2394,215072.0
2395,235564.0
2396,137578.0
2397,214742.0
2398,200174.0
2399,393236.09
2400,324425.01
2401,203037.0
2402,203279.0
2403,267715.0
2404,274545.0
2405,134812.0
2406,96171.0
2407,80267.0
2408,68471.0
2409,202076.04
2410,171860.0
2411,176057.0
2412,124566.0
2413,183566.0
2414,234661.0
2415,199424.0
2416,95875.0
2417,65715.0
2418,116641.0
2419,180594.0
2420,259298.01
2421,300190.02
2422,211129.01
2423,216304.0
2424,283952.03
2425,172908.0
2426,490814.87
2427,273303.0
2428,459180.51
2429,202987.0
2430,234238.0
2431,187056.0
2432,216030.01
2433,76710.0
2434,373219.21
2435,148690.0
2436,98632.0
2437,172081.0
2438,234842.03
2439,281435.0
2440,120047.0
2441,389903.1
2442,271706.01
2443,118672.0
2444,189397.0
2445,301489.0
2446,216100.0
2447,269119.04
2448,57263.0
2449,79801.0
2450,66587.0
2451,128289.0
2452,106770.0
2453,204191.0
2454,116026.0
2455,71041.0
2456,122269.0
2457,218772.01
2458,88629.0
2459,410468.25
2460,150795.0
2461,144533.0
2462,151013.0
2463,305780.03
2464,149799.0
2465,200342.01
2466,191217.0
2467,498983.97
2468,269073.09
2469,196129.0
2470,493632.94
2471,185849.0
2472,118871.0
2473,114547.0
2474,144494.99
2475,97303.0
2476,188447.02
2477,238251.0
2478,445552.39
2479,284635.0
2480,92638.0
2481,130941.0
2482,140384.0
2483,88534.0
2484,115445.0
2485,133990.0
2486,220892.0
2487,80060.0
2488,78400.0
2489,121881.0
2490,131028.01
2491,125339.0
2492,79813.0
2493,296847.08
2494,73323.0
2495,201883.0
2496,377199.14
2497,285851.02
2498,117702.0
2499,180021.0
2500,148994.04
2501,240460.01
2502,312538.1
2503,371622.07
2504,217369.01
2505,300622.16
2506,170621.0
2507,134100.0
2508,494613.87
2509,436107.45
2510,252770.04
2511,274431.03
2512,127127.0
2513,154141.0
2514,139296.0
2515,195641.0
2516,148652.0
2517,199872.0
2518,255615.0
2519,465506.7
2520,366488.11
2521,162565.03
2522,191773.0
2523,376886.12
2524,212760.0
2525,195161.0
2526,361465.23
2527,237507.0
2528,395518.19
2529,296905.0
2530,228722.03
2531,185721.0
2532,185857.0
2533,69803.0
2534,153987.0
2535,260672.01
2536,123627.0
2537,76280.0
2538,68018.0
2539,215141.0
2540,248714.01
2541,120589.0
2542,121733.0
2543,128002.0
2544,161475.0
2545,78785.0
2546,323049.05
2547,269282.01
2548,119958.0
2549,216203.0
2550,79281.0
2551,468276.68
2552,108920.0
2553,108206.0
2554,106039.0
2555,326175.05
2556,195451.0
2557,221624.01
2558,156011.0
2559,176315.0
2560,264952.04
2561,196448.0
2562,99850.0
2563,345106.11
2564,335832.06
2565,477022.69
2566,381689.19
2567,115824.0
2568,226126.0
2569,331076.01
2570,55130.0
2571,181881.0
2572,273508.0
2573,223011.0
2574,435314.41
2575,210527.0
2576,236328.0
2577,226571.0
2578,154507.0
2579,57983.0
2580,100971.0
2581,260869.0
2582,209374.01
2583,497573.98
2584,495801.96
2585,72404.0
2586,63006.0
2587,298315.04
2588,159153.99
2589,180787.0
2590,76879.0
2591,228775.03
2592,230254.01
2593,265842.02
2594,59123.0
2595,390020.38
2596,332239.08
2597,231092.0
2598,93398.0
2599,178451.0
2600,244970.0
2601,140117.0
2602,85575.0
2603,224662.0
2604,235665.02
2605,444229.49
2606,495988.96
2607,257079.01
2608,282418.0
2609,165717.04
2610,248919.0
2611,128311.0
2612,143840.01
2613,92462.0
2614,297738.04
2615,146207.0
2616,122212.0
2617,160049.0
2618,472578.59
2619,90551.0
2620,101134.0
2621,59118.0
2622,200102.0
2623,148269.0
2624,383113.12
2625,118564.0
2626,138661.95
2627,153478.0
2628,179997.0
2629,120768.0
2630,134832.0
2631,122592.0
2632,397120.12
2633,123424.0
2634,300100.01
2635,84153.0
2636,93186.0
2637,331020.14
2638,81667.0
2639,177806.0
2640,361944.02
2641,70344.0
2642,194454.0
2643,103070.0
2644,426847.32
2645,170351.0
2646,95096.0
2647,54627.0
2648,130756.0
2649,320569.01
2650,257855.0
2651,249592.0
2652,86658.0
2653,131034.0
2654,124340.0
2655,74644.0
2656,79297.0
2657,189477.0
2658,159930.0
2659,89113.0
2660,155342.0
2661,105836.0
2662,155968.0
2663,64637.0
2664,180502.0
2665,447919.55
2666,57471.0
2667,242414.0
2668,175595.0
2669,185647.0
2670,125973.0
2671,91261.0
2672,198292.0
2673,441749.34
2674,209598.12
2675,164804.0
2676,183484.0
2677,186833.0
2678,334780.03
2679,330458.01
2680,320690.05
2681,92473.0
2682,244748.0
2683,144038.0
2684,206443.0
2685,371956.17
2686,108448.01
2687,60139.0
2688,175470.0
2689,157188.0
2690,175579.0
2691,222737.0
2692,297603.0
2693,120690.0
2694,194190.0
2695,213527.0
2696,227067.0
2697,226381.0
2698,277806.08
2699,297775.09
2700,282730.03
2701,196821.0
2702,69331.0
2703,153745.0
2704,188790.0
2705,178377.07
2706,261959.0
2707,248945.0
2708,143937.0
2709,70716.0
2710,237474.01
2711,366276.01
2712,172308.0
2713,101456.0
2714,218802.03
2715,198241.0
2716,463382.65
2717,233680.05
2718,496053.94
2719,108214.0
2720,253148.0
2721,188720.0
2722,140491.0
2723,225757.05
2724,265185.01
2725,100522.0
2726,342713.02
2727,175211.01
2728,228005.0
2729,56604.0
2730,452961.58
2731,56183.0
2732,250034.01
2733,142293.0
2734,289388.0
2735,179154.0
2736,142761.0
2737,255990.0
2738,201297.01
2739,156711.0
2740,150436.0
2741,168508.0
2742,85718.0
2743,95292.0
2744,124886.0
2745,147972.0
2746,100800.0
2747,228844.14
2748,111293.0
2749,151488.0
2750,113562.0
2751,435556.23
2752,139175.0
2753,363220.09
2754,161329.0
2755,206093.0
2756,406419.39
2757,73989.0
2758,288956.01
2759,197582.02
2760,220658.0
2761,194818.0
2762,134819.0
2763,426999.28
2764,366878.0
2765,227866.0
2766,258960.0
2767,410067.14
2768,69229.0
2769,165613.0
2770,300192.05
2771,127859.0
2772,139988.0
2773,83156.0
2774,429255.3
2775,230139.03
2776,137813.0
2777,173091.0
2778,175649.0
2779,348529.12
2780,127368.0
2781,93587.0
2782,454277.75
2783,103452.0
2784,258158.01
2785,122587.0
2786,232478.0
2787,203520.0
2788,252185.0
2789,330523.13
2790,317787.03
2791,68491.0
2792,185355.0
2793,92498.0
2794,241801.0
2795,462658.55
2796,293202.0
2797,168199.0
2798,110482.0
2799,83440.0
2800,106639.0
2801,119530.0
2802,85353.0
2803,269611.01
2804,161451.0
2805,199944.0
2806,157442.0
2807,342394.03
2808,406016.39
2809,93813.0
2810,176979.0
2811,191690.0
2812,91718.0
2813,72829.0
2814,197685.01
2815,375190.05
2816,276307.02
2817,120305.0
2818,365765.08
2819,250475.01
2820,255543.01
2821,333589.08
2822,153376.0
2823,91746.0
2824,251372.0
2825,262338.0
2826,386014.11
2827,339468.13
2828,145104.0
2829,177040.0
2830,151640.0
2831,483096.81
2832,176335.0
2833,201397.0
2834,200009.01
2835,242674.0
2836,367313.14
2837,76665.0
2838,353856.21
2839,98570.0
2840,88030.0
2841,180883.02
2842,130764.0
2843,176541.0
2844,83183.0
2845,72294.0
2846,205550.0
2847,147930.0
2848,179213.0
2849,357682.07
2850,211226.0
2851,248191.0
2852,154693.02
2853,309463.99
2854,271175.0
2855,80571.0
2856,89467.0
2857,145010.0
2858,354490.05
2859,59803.0
2860,238339.02
2861,466755.44
2862,264421.01
2863,101783.0
2864,85114.99
2865,365835.18
2866,103933.0
2867,272111.01
2868,112935.0
2869,266815.01
2870,209739.01
2871,259516.0
2872,233435.02
2873,357077.04
2874,205212.0
2875,172797.01
2876,101419.0
2877,79150.0
2878,214624.01
2879,423405.36
2880,399663.09
2881,264199.0
2882,462670.48
2883,274974.01
2884,165448.0
2885,193215.0
2886,243552.0
2887,81980.0
2888,198054.0
2889,252539.0
2890,418302.3
2891,120901.0
2892,173692.0
2893,109295.0
2894,253864.0
2895,190911.0
2896,108114.0
2897,122367.0
2898,216083.0
2899,184738.0
2900,329431.1
2901,426240.43
2902,109485.0
2903,173678.0
2904,173349.0
2905,128000.0
2906,199298.0
2907,187561.0
2908,487603.74
2909,123783.0
2910,226417.0
2911,69732.0
2912,115749.0
2913,258720.03
2914,159742.0
2915,375233.32
2916,145168.0
2917,433699.37
2918,311605.01
2919,199079.18
2920,255086.0
2921,251424.0
2922,286942.02
2923,100155.0
2924,207602.0
2925,353464.03
2926,120167.0
2927,319968.17
2928,303237.03
2929,299359.01
2930,433085.26
2931,243040.03
2932,97113.0
2933,187647.0
2934,128068.0
2935,205724.0
2936,180407.0
2937,54512.0
2938,325048.04
2939,101156.0
2940,147321.0
2941,227773.0
2942,143510.0
2943,184455.0
2944,112600.0
2945,222954.01
2946,261811.0
2947,252456.01
2948,154270.0
2949,490026.93
2950,173370.0
2951,203592.0
2952,222184.0
2953,160956.0
2954,144199.0
2955,125388.0
2956,272129.05
2957,166086.0
2958,88652.0
2959,144970.0
2960,481888.67
2961,208565.0
2962,157339.01
2963,243777.01
2964,203506.0
2965,165805.01
2966,123335.0
2967,179945.0
2968,247107.0
2969,113291.0
2970,200485.02
2971,153436.0
2972,86269.0
2973,157354.0
2974,230457.0
2975,132265.0
2976,93975.0
2977,327320.02
2978,219862.02
2979,247469.0
2980,211391.0
2981,351487.07
2982,169727.0
2983,258557.0
2984,190932.0
2985,115878.0
2986,192425.0
2987,127777.0
2988,216781.0
2989,190519.0
2990,104380.0
2991,119847.0
2992,170239.0
2993,347290.04
2994,139698.0
2995,203251.0
2996,467633.62
2997,222782.0
2998,153023.0
2999,198940.01
3000,140631.0
3001,102730.0
3002,237819.01
3003,153062.0
3004,267618.02
3005,323259.07
3006,317214.04
3007,105617.0
3008,95898.0
3009,336967.07
3010,229327.02
3011,262470.01
3012,382777.1
3013,131782.0
3014,188558.0
3015,65304.0
3016,52790.0
3017,103874.0
3018,87021.0
3019,289908.15
3020,126187.0
3021,258689.02
3022,290142.04
3023,496577.96
3024,147032.0
3025,189976.0
3026,97072.0
3027,432530.29
3028,244724.1
3029,220900.0
3030,125927.0
3031,307328.02
3032,98013.0
3033,192979.02
3034,75891.0
3035,290608.0
3036,161747.01
3037,408006.24
3038,122748.0
3039,119978.0
3040,69451.0
3041,272779.06
3042,146312.0
3043,143232.0
3044,282041.02
3045,469678.68
3046,199684.0
3047,157477.0
3048,498280.95
3049,212331.0
3050,438884.45
3051,206205.0
3052,194638.0
3053,247565.04
3054,403837.28
3055,249006.0
3056,222297.0
3057,108685.0
3058,348414.02
3059,205602.0
3060,497579.97
3061,101204.0
3062,291826.09
3063,183112.0
3064,177643.0
3065,124489.0
3066,207085.0
3067,165242.0
3068,83983.0
3069,154019.0
3070,425347.36
3071,451354.23
3072,158072.0
3073,342984.03
3074,364210.04
3075,235149.02
3076,245057.09
3077,142498.0
3078,162513.0
3079,95316.0
3080,97172.0
3081,199846.01
3082,307075.0
3083,277686.01
3084,214134.02
3085,192013.01
3086,376262.21
3087,176889.01
3088,203375.0
3089,156272.01
3090,62902.0
3091,164623.0
3092,170643.0
3093,183933.0
3094,227274.01
3095,189080.0
3096,186183.0
3097,402667.05
3098,226975.0
3099,293306.02
3100,138371.0
3101,181277.0
3102,345653.01
3103,205590.0
3104,335791.14
3105,126755.0
3106,146839.99
3107,116610.03
3108,220769.0
3109,189463.0
3110,81098.0
3111,293916.0
3112,177560.0
3113,103395.0
3114,280033.09
3115,440931.41
3116,295487.02
3117,101970.0
3118,185603.0
3119,302351.0
3120,447200.42
3121,66380.0
3122,346763.01
3123,137003.04
3124,221984.02
3125,224394.0
3126,73470.0
3127,186274.0
3128,180866.0
3129,73618.0
3130,102235.0
3131,203172.0
3132,222562.01
3133,176291.0
3134,246729.0
3135,245822.0
3136,287730.06
3137,144646.0
3138,162818.0
3139,92285.0
3140,64433.0
3141,82362.0
3142,187452.0
3143,308246.03
3144,136087.0
3145,464290.62
3146,197380.01
3147,99229.0
3148,210192.06
3149,185603.0
3150,118028.0
3151,99809.0
3152,88840.0
3153,203422.0
3154,122983.0
3155,52235.0
3156,356119.04
3157,362060.22
3158,129468.0
3159,226220.05
3160,180820.0
3161,290940.1
3162,227866.0
3163,154650.0
3164,117747.0
3165,144071.03
3166,119034.0
3167,160586.0
3168,216769.0
3169,115541.0
3170,262500.0
3171,204863.0
3172,193074.0
3173,264295.02
3174,205451.0
3175,322751.26
3176,87571.0
3177,280009.06
3178,326901.01
3179,237460.01
3180,102809.0
3181,242784.0
3182,110860.0
3183,288959.07
3184,70042.0
3185,58813.99
3186,301032.03
3187,215015.01
3188,197528.0
3189,428419.31
3190,161483.0
3191,115057.0
3192,202847.0
3193,309931.0
3194,107120.0
3195,129841.0
3196,341666.01
3197,100450.0
3198,104137.0
3199,254190.0
3200,246609.0
3201,97200.0
3202,379531.07
3203,213900.0
3204,169852.02
3205,263437.01
3206,163052.0
3207,196294.0
3208,121993.0
3209,256228.0
3210,114228.0
3211,171166.0
3212,207968.01
3213,219774.0
3214,116553.0
3215,110341.0
3216,485578.79
3217,341278.06
3218,145328.0
3219,110825.0
3220,298439.03
3221,361108.09
3222,244151.0
3223,234354.0
3224,302564.1
3225,70821.0
3226,202571.0
3227,198337.0
3228,268029.07
3229,282516.02
3230,129242.0
3231,206805.0
3232,206066.0
3233,173683.0
3234,191494.0
3235,178317.0
3236,166958.0
3237,128941.0
3238,289595.0
3239,96228.98
3240,327660.04
3241,267316.0
3242,67840.0
3243,273738.01
3244,310233.03
3245,203225.0
3246,176848.0
3247,96284.0
3248,118891.0
3249,490625.88
3250,298877.05
3251,185724.0
3252,120855.0
3253,146722.0
3254,141031.0
3255,196574.0
3256,406337.22
3257,129560.0
3258,297528.0
3259,188096.0
3260,450517.57
3261,335719.06
3262,75643.0
3263,216107.0
3264,120868.0
3265,132015.0
3266,422054.31
3267,192152.0
3268,196089.0
3269,132189.0
3270,118553.0
3271,187509.0
3272,178647.14
3273,131947.0
3274,159878.0
3275,111267.0
3276,354212.01
3277,67836.0
3278,179251.0
3279,290723.09
3280,293730.03
3281,208913.0
3282,74051.0
3283,192807.0
3284,159741.01
3285,151035.0
3286,360014.01
3287,109036.0
3288,421452.28
3289,199899.0
3290,102082.0
3291,189468.0
3292,267955.0
3293,192288.0
3294,179434.0
3295,126967.0
3296,114129.0
3297,143386.01
3298,238945.0
3299,233540.0
3300,166601.0
3301,195073.0
3302,204554.01
3303,144038.0
3304,393272.14
3305,118510.0
3306,191502.02
3307,97209.0
3308,52352.0
3309,192848.0
3310,327675.01
3311,129147.0
3312,211394.0
3313,177356.0
3314,68437.0
3315,122253.0
3316,212313.0
3317,147795.0
3318,89476.0
3319,311131.11
3320,194540.0
3321,253708.0
3322,111784.0
3323,190468.0
3324,211112.01
3325,112485.0
3326,82120.0
3327,56078.0
3328,351962.24
3329,179127.0
3330,104311.0
3331,153564.0
3332,249771.0
3333,219395.01
3334,176511.0
3335,194721.0
3336,48796.0
3337,107093.0
3338,55764.0
3339,306774.03
3340,341010.12
3341,129369.0
3342,151456.0
3343,398875.22
3344,100387.0
3345,101935.0
3346,119935.0
3347,196954.0
3348,152649.0
3349,438590.45
3350,167103.0
3351,350197.09
3352,186753.0
3353,138965.0
3354,485452.84
3355,288359.02
3356,358254.04
3357,255825.0
3358,63160.0
3359,111321.0
3360,118108.0
3361,163432.0
3362,435622.2
3363,210705.0
3364,322277.01
3365,122893.0
3366,214755.0
3367,236540.0
3368,78061.0
3369,368472.0
3370,162700.0
3371,184079.0
3372,151786.0
3373,258863.0
3374,213366.01
3375,219591.0
3376,104224.0
3377,176129.0
3378,163991.0
3379,155853.0
3380,281170.16
3381,52020.0
3382,126328.0
3383,310346.08
3384,187391.0
3385,220622.0
3386,366124.12
3387,423689.25
3388,230253.01
3389,215216.0
3390,161897.0
3391,234176.0
3392,107685.0
3393,191534.0
3394,201186.0
3395,270575.0
3396,159687.0
3397,152281.0
3398,228957.0
3399,207833.0
3400,222661.0
3401,233342.01
3402,157893.0
3403,60685.0
3404,132383.99
3405,144469.01
3406,216187.0
3407,354567.15
3408,91029.0
3409,249809.0
3410,133957.0
3411,201920.0
3412,209442.0
3413,68685.0
3414,137314.0
3415,316007.1
3416,267032.0
3417,83326.0
3418,182011.0
3419,315087.01
3420,61512.0
3421,199817.0
3422,70493.0
3423,77102.0
3424,211780.0
3425,128746.0
3426,202639.0
3427,346873.03
3428,331257.05
3429,139285.0
3430,193719.0
3431,315207.01
3432,500001.0
3433,285767.0
3434,478076.76
3435,95163.0
3436,194429.0
3437,238266.04
3438,131031.03
3439,68771.0
3440,138000.0
3441,240093.01
3442,103672.0
3443,312910.09
3444,177893.0
3445,262672.0
3446,132970.0
3447,176409.0
3448,499103.99
3449,464197.38
3450,152543.0
3451,327259.11
3452,85151.0
3453,200014.0
3454,231095.0
3455,480407.74
3456,115973.0
3457,99248.0
3458,138818.0
3459,304332.02
3460,99209.0
3461,56411.0
3462,220160.0
3463,196478.0
3464,376083.02
3465,131562.0
3466,237097.0
3467,98525.0
3468,217795.0
3469,142568.0
3470,104404.0
3471,70358.0
3472,218216.0
3473,202612.0
3474,219001.0
3475,483907.74
3476,197745.0
3477,204816.0
3478,336096.17
3479,122474.0
3480,173607.0
3481,168360.0
3482,87375.0
3483,223647.0
3484,127296.0
3485,159145.0
3486,64754.0
3487,177822.0
3488,110553.0
3489,191136.0
3490,430775.47
3491,270896.01
3492,271055.04
3493,245693.0
3494,107935.0
3495,154406.0
3496,76630.0
3497,159000.0
3498,146651.0
3499,123794.0
3500,294811.0
3501,176901.0
3502,227343.0
3503,135917.0
3504,147089.0
3505,58905.0
3506,122575.0
3507,72057.0
3508,61957.0
3509,196314.01
3510,131673.0
3511,97616.0
3512,283119.0
3513,155304.02
3514,412917.41
3515,134043.0
3516,140849.0
3517,138594.0
3518,93784.0
3519,155081.0
3520,312799.0
3521,147835.0
3522,372590.19
3523,170129.0
3524,206801.0
3525,189895.0
3526,370365.14
3527,172680.0
3528,171827.0
3529,94031.0
3530,108870.0
3531,125491.0
3532,454819.48
3533,124079.0
3534,104205.0
3535,141280.0
3536,194344.0
3537,181091.0
3538,230365.01
3539,186755.0
3540,161945.0
3541,192463.0
3542,88749.0
3543,418414.42
3544,89583.0
3545,282323.04
3546,278471.0
3547,139582.0
3548,318960.0
3549,186622.02
3550,241054.0
3551,294639.04
3552,140904.0
3553,148897.0
3554,92493.0
3555,173306.0
3556,62889.72
3557,121348.0
3558,74959.0
3559,253515.02
3560,466452.6
3561,232150.0
3562,413508.33
3563,354941.05
3564,395784.16
3565,379255.05
3566,125527.0
3567,212721.0
3568,160874.0
3569,298767.01
3570,193798.0
3571,457984.6
3572,288312.07
3573,368474.02
3574,256328.03
3575,87860.0
3576,355119.04
3577,178118.02
3578,167776.0
3579,131123.0
3580,174221.01
3581,128616.0
3582,281935.03
3583,483837.79
3584,99884.0
3585,118569.0
3586,337002.03
3587,145341.0
3588,159811.0
3589,172717.0
3590,140743.0
3591,138909.0
3592,238269.0
3593,125537.0
3594,347799.05
3595,137865.0
3596,112805.0
3597,179701.0
3598,181855.0
3599,172820.0
3600,239342.0
3601,219771.0
3602,481869.73
3603,95425.0
3604,198503.0
3605,141043.0
3606,208624.11
3607,191580.0
3608,249906.97
3609,69616.0
3610,237709.0
3611,204355.19
3612,183201.02
3613,474858.64
3614,206452.0
3615,180504.0
3616,367088.13
3617,331647.04
3618,214894.0
3619,141353.0
3620,251100.0
3621,208358.0
3622,224418.02
3623,226868.01
3624,389708.11
3625,471267.53
3626,208344.0
3627,96420.0
3628,295773.01
3629,92064.0
3630,147732.0
3631,132869.0
3632,83500.0
3633,143310.0
3634,181996.0
3635,338244.0
3636,83148.0
3637,131113.0
3638,130960.0
3639,500001.0
3640,103181.0
3641,163219.0
3642,137953.0
3643,231927.0
3644,99042.0
3645,273926.01
3646,264731.03
3647,178120.0
3648,238502.0
3649,230883.0
3650,392855.21
3651,109581.0
3652,300140.04
3653,162706.0
3654,84907.0
3655,288408.03
3656,233157.0
3657,295996.01
3658,337845.09
3659,234915.01
3660,156179.0
3661,188749.01
3662,140959.0
3663,451328.46
3664,496951.95
3665,211861.01
3666,211859.0
3667,207505.0
3668,64138.0
3669,94890.0
3670,202103.0
3671,470618.55
3672,167262.0
3673,203061.01
3674,232042.02
3675,187041.0
3676,132358.0
3677,176975.0
3678,280771.0
3679,210609.0
3680,147391.0
3681,194638.0
3682,62942.0
3683,242587.0
3684,50700.0
3685,100516.0
3686,203386.0
3687,97641.0
3688,213629.0
3689,142255.0
3690,213348.0
3691,218669.0
3692,344906.03
3693,221883.03
3694,92802.0
3695,488717.82
3696,68120.01
3697,166150.0
3698,73337.0
3699,170100.0
3700,284647.02
3701,256747.0
3702,187529.0
3703,83757.0
3704,234371.0
3705,173444.0
3706,242323.01
3707,89866.0
3708,162114.0
3709,81462.0
3710,218657.0
3711,225843.04
3712,216658.0
3713,176727.0
3714,379733.11
3715,251637.06
3716,77892.0
3717,229502.0
3718,109228.0
3719,173081.0
3720,243073.01
3721,291474.0
3722,134499.0
3723,56543.0
3724,70591.0
3725,136026.0
3726,100221.0
3727,190982.0
3728,70015.0
3729,344968.04
3730,393944.28
3731,70278.99
3732,498467.98
3733,338441.12
3734,136091.0
3735,244627.0
3736,185645.0
3737,127527.0
3738,318505.02
3739,158991.0
3740,172571.0
3741,101514.0
3742,304913.05
3743,164497.0
3744,243732.02
3745,198293.0
3746,159438.0
3747,300349.02
3748,79745.0
3749,159877.0
3750,252609.0
3751,90670.0
3752,334157.02
3753,103827.0
3754,144882.0
3755,86193.0
3756,188078.0
3757,154878.0
3758,371074.1
3759,191296.01
3760,193516.13
3761,218995.0
3762,197206.0
3763,323711.0
3764,465750.69
3765,224534.0
3766,260687.0
3767,80481.0
3768,79083.0
3769,177473.01
3770,63619.0
3771,182862.0
3772,329536.05
3773,186111.0
3774,172668.0
3775,356871.05
3776,154059.0
3777,58680.0
3778,211158.0
3779,381435.17
3780,148713.0
3781,200682.0
3782,242908.03
3783,418327.13
3784,120008.0
3785,141336.0
3786,114706.0
3787,181927.0
3788,483107.78
3789,49095.0
3790,143504.0
3791,326154.07
3792,191658.0
3793,90138.0
3794,419223.41
3795,214883.0
3796,201325.0
3797,219086.0
3798,225696.0
3799,115568.99
3800,211198.01
3801,240088.0
3802,207258.01
3803,232234.0
3804,271535.02
3805,116553.0
3806,125140.01
3807,147058.0
3808,101630.0
3809,183812.0
3810,186785.0
3811,298897.0
3812,413144.06
3813,191320.0
3814,237304.0
3815,86482.0
3816,181057.0
3817,105614.0
3818,171205.01
3819,173681.0
3820,372667.16
3821,122717.0
3822,155265.0
3823,316447.01
3824,160655.0
3825,98695.0
3826,324600.15
3827,157577.0
3828,212997.01
3829,352469.11
3830,74890.0
3831,204634.0
3832,395729.01
3833,60874.0
3834,418301.46
3835,167641.0
3836,80470.0
3837,126501.04
3838,92367.0
3839,68662.0
3840,327700.01
3841,361044.0
3842,217401.0
3843,129912.0
3844,81360.0
3845,75529.0
3846,170240.01
3847,117512.0
3848,106451.0
3849,195527.0
3850,189706.0
3851,107637.0
3852,161555.0
3853,107600.0
3854,90161.0
3855,180766.0
3856,190348.0
3857,379671.22
3858,235681.0
3859,294484.01
3860,398890.16
3861,343425.01
3862,361243.08
3863,80769.0
3864,115994.0
3865,387362.1
3866,235478.0
3867,122142.0
3868,131627.0
3869,184045.0
3870,137010.0
3871,318489.01
3872,384540.15
3873,169310.0
3874,55226.0
3875,286095.0
3876,218102.0
3877,186998.0
3878,255098.08
3879,106564.0
3880,142740.0
3881,197574.0
3882,93131.0
3883,129979.0
3884,198118.0
3885,175521.0
3886,57591.0
3887,93029.0
3888,158316.0
3889,205442.0
3890,199204.0
3891,126153.0
3892,138184.0
3893,167207.0
3894,107727.0
3895,126044.0
3896,195592.06
3897,204107.0
3898,281412.0
3899,68597.0
3900,383629.11
3901,60228.0
3902,377869.06
3903,306629.0
3904,372217.08
3905,292641.0
3906,69939.0
3907,83682.0
3908,121726.01
3909,359910.08
3910,294324.03
3911,488403.79
3912,165444.0
3913,66644.0
3914,181673.0
3915,241556.01
3916,156617.0
3917,274367.11
3918,119708.0
3919,160126.02
3920,262626.03
3921,278791.02
3922,185670.0
3923,355586.3
3924,272444.0
3925,127905.0
3926,251751.03
3927,265032.0
3928,232200.0
3929,212428.0
3930,302273.04
3931,275614.07
3932,79287.0
3933,391931.12
3934,301072.01
3935,119855.0
3936,376195.02
3937,224627.0
3938,139528.99
3939,219207.05
3940,159980.0
3941,248765.01
3942,170468.0
3943,314759.04
3944,241187.02
3945,139757.0
3946,92895.0
3947,398628.12
3948,81934.0
3949,191192.0
3950,147341.0
3951,115901.0
3952,390632.02
3953,75527.0
3954,131871.0
3955,159037.0
3956,175700.0
3957,88791.0
3958,220956.01
3959,246346.02
3960,304030.03
3961,321077.0
3962,365647.01
3963,187344.0
3964,253585.04
3965,219908.1
3966,113431.0
3967,93577.0
3968,148558.0
3969,149317.0
3970,176983.0
3971,104574.0
3972,206075.0
3973,170916.0
3974,185859.0
3975,240609.0
3976,93341.0
3977,236512.09
3978,162879.0
3979,95612.0
3980,499650.99
3981,95967.0
3982,387638.04
3983,160384.01
3984,90541.0
3985,220338.0
3986,65829.0
3987,338196.02
3988,248994.0
3989,264393.02
3990,206895.01
3991,250298.0
3992,288538.02
3993,113912.0
3994,203947.0
3995,223339.0
3996,170744.0
3997,55746.0
3998,205480.05
3999,125719.0
4000,175856.01
4001,78718.0
4002,297979.04
4003,67400.0
4004,230231.0
4005,256742.0
4006,478495.62
4007,166535.01
4008,490853.91
4009,211107.0
4010,371323.16
4011,137698.0
4012,324135.05
4013,175797.0
4014,111180.0
4015,196473.0
4016,280433.01
4017,216288.01
4018,249964.02
4019,61270.0
4020,83316.0
4021,172044.0
4022,159916.0
4023,395065.14
4024,285317.0
4025,98894.0
4026,227213.0
4027,211272.01
4028,226955.0
4029,241501.0
4030,197698.01
4031,234481.01
4032,138407.0
4033,126067.0
4034,284335.01
4035,242566.0
4036,112067.0
4037,197614.0
4038,64565.0
4039,356687.16
4040,64325.0
4041,333370.09
4042,245994.0
4043,180304.0
4044,194202.09
4045,363373.24
4046,249412.0
4047,81337.0
4048,499513.99
4049,158910.01
4050,153072.05
4051,183169.0
4052,112531.0
4053,357619.01
4054,403547.05
4055,216457.01
4056,162491.0
4057,179637.0
4058,88927.0
4059,429751.4
4060,211074.0
4061,206876.0
4062,341828.04
4063,92902.0
4064,282117.07
4065,58073.0
4066,352383.06
4067,100099.0
4068,104671.0
4069,173032.0
4070,155538.01
4071,245007.0
4072,259342.01
4073,207331.0
4074,472109.55
4075,312586.07
4076,191710.01
4077,488986.85
4078,213882.0
4079,143940.0
4080,329885.0
4081,456272.59
4082,159676.0
4083,218731.0
4084,153220.0
4085,235489.0
4086,152773.0
4087,152054.0
4088,500001.0
4089,125803.0
4090,83970.0
4091,407697.35
4092,214167.0
4093,114473.0
4094,75291.0
4095,127421.0
4096,137734.0
4097,332600.17
4098,157855.0
4099,396707.25
4100,294746.07
4101,434579.05
4102,239878.0
4103,123289.0
4104,487157.86
4105,412790.31
4106,185864.01
4107,64808.0
4108,87866.0
4109,156363.0
4110,178879.0
4111,381093.07
4112,397791.17
4113,121560.0
4114,107647.0
4115,275062.0
4116,92434.0
4117,204454.0
4118,75535.0
4119,265757.0
4120,244900.0
4121,269622.01
4122,66562.0
4123,167094.0
4124,425599.31
4125,109342.0
4126,366120.17
4127,166802.04
